{"cameraMode":{"drawMode":0,"name":"Shaded","section":"Shading Mode"},"sceneLighting":true,"audioPlay":false,"sceneViewState":{"showFog":true,"showMaterialUpdate":false,"showSkybox":true,"showFlares":true,"showImageEffects":true,"showParticleSystems":true},"in2DMode":false,"pivot":{"x":3.2445926666259767,"y":14.10589599609375,"z":-1.8303723335266114},"rotation":{"x":-0.02479557693004608,"y":-0.947403073310852,"z":0.07577179372310639,"w":-0.3099789023399353},"size":38.331031799316409,"orthographic":false}