{"cameraMode":{"drawMode":0,"name":"Shaded","section":"Shading Mode"},"sceneLighting":true,"audioPlay":false,"sceneViewState":{"showFog":true,"showMaterialUpdate":false,"showSkybox":true,"showFlares":true,"showImageEffects":true,"showParticleSystems":true},"in2DMode":false,"pivot":{"x":1.0742766857147217,"y":-1.128798484802246,"z":1.3841323852539063},"rotation":{"x":-0.009755768813192845,"y":0.9880011081695557,"z":-0.1372237652540207,"w":-0.07095328718423844},"size":37.18622970581055,"orthographic":false}