{"cameraMode":{"drawMode":0,"name":"Shaded","section":"Shading Mode"},"sceneLighting":true,"audioPlay":false,"sceneViewState":{"showFog":true,"showMaterialUpdate":false,"showSkybox":true,"showFlares":true,"showImageEffects":true,"showParticleSystems":true},"in2DMode":false,"pivot":{"x":1.9587945938110352,"y":7.358526229858398,"z":20.932567596435548},"rotation":{"x":0.12336931377649307,"y":-0.7024831175804138,"z":0.1256580948829651,"w":0.6897309422492981},"size":8.968101501464844,"orthographic":false}