{"cameraMode":{"drawMode":0,"name":"Shaded","section":"Shading Mode"},"sceneLighting":true,"audioPlay":false,"sceneViewState":{"showFog":true,"showMaterialUpdate":false,"showSkybox":true,"showFlares":true,"showImageEffects":true,"showParticleSystems":true},"in2DMode":false,"pivot":{"x":0.5181746482849121,"y":2.4194583892822267,"z":15.219989776611329},"rotation":{"x":-0.024076426401734353,"y":0.973257303237915,"z":-0.19375933706760407,"w":-0.12150714546442032},"size":14.411664009094239,"orthographic":false}